/*Importing DATA

INSERT INTO countries (country_name, life_expectancy, population, quality_of_life_rank)
VALUES ('USA',	'78.54', '331002651', '15'),
		('Canada', '82.52', '37742154','1'),
		('China', '76.62', '1439323776', '19'),
		('India', '69.27', '1380004385', '30'),
		('Japan', '84.67', '126476461', '14'),
		('Mexico', '74.98', '128932753', '39'),
		('Brazil', '75.96', '212559417', '52'),
		('Iran', '76.74', '83992949', '120'),
		('Singapore', '83.66', '5850342', '20'),
		('Italy', '83.57', '60461826', '21'),
		('Germany', '81.41', '83783942', '10'),
		('France', '82.73',	'65273511',	'16'),
		('Spain', '83.61', '46754778', '18'),
		('Greece', '82.31',	'10423054',	'26'),
		('Russia', '72.57',	'145934462', '34'),
		('Vietnam', '75.47', '97338579', '33'),
		('Turkey', '77.77',	'84339067', '37'),
		('Malaysia', '76.22', '32365999', '27'),
		('Egypt', '72.06', '102334404', '54'),
		('Thailand', '77.19', '69799978', '28'),
		('Cambodia', '69.88', '16718965', '118'),
		('United Kingdom', '81.40', '67886011',	'12'),
		('South Korea', '83.20', '51269185', '23'),
		('Poland', '78.78', '37846611', '22'),
		('Sweden', '82.87',	'10099265', '3'),
		('Portugal', '82.11', '10196709', '17'),
		('Phillipines', '71.28', '109581078', '31'),
		('Ireland', '82.35', '4937786', '29'),
		('Indonesia', '71.77', '273523615', '32'),
		('Algeria', '76.95','43851044','53');

Insert INTO regions (region_name, country_name, vaccine_distributed, vaccine_administrated)
Values('Alberta','Canada','159075','149138'),
		('British_Columbia','Canada','188500','171755'),
		('Manitoba','Canada','69600','56707'),
		('New_Brunswick','Canada','26825','21182'),
		('Newfoundland_and_Labrador','Canada','20950','14687'),
		('Northwest_Territories','Canada','19100','14157'),
		('Nova_Scotia','Canada','36750','24049'),
		('Nunavut','Canada','15400','6805'),
		('Ontario','Canada','523675','489484'),
		('Prince_Edward_Island','Canada','11875','10610'),
		('Quebec','Canada','401685','266673'),
		('Saskatchewan','Canada','50326','46525'),
		('Yukon','Canada','18900','11514'),
		('China_Mainland','China','40520000','40520000'),
		('India_Mainland','India','10188007','10188007'),
		('Japan_Mainland','Japan',NULL,NULL),
		('Mexico_Mainland','Mexico','1318055','1318055'),
		('Brazil_Mainland','Brazil','6206680','6206680'),
		('Iran_Mainland','Iran',NULL,NULL),
		('Singapore_Mainland','Singapore','256000','256000'),
		('Italy_Mainland','Italy','3298713','3298713'),
		('Germany_Mainland','Germany','4719900','4719900'),
		('France_Mainland','France','3329201','3329201'),
		('Spain_Mainland','Spain','2782751','2782751'),
		('Greece_Mainland','Greece','634037','634037'),
		('Russia_Mainland','Russia','3900000','3900000'),
		('Algeria_Mainland', 'Algeria', '75000', '75000');

INSERT INTO sub_regions(sub_region_name, region_name, cases, deaths, recoveries)
VALUEs('Alberta_sub','Alberta','129615','1798','122960'),
		('British_Columbia_sub','British_Columbia','74710','1317','69167'),
		('Manitoba_sub','Manitoba','31007','876','28576'),
		('New_Brunswick_sub','New_Brunswick','1407','24','1264'),
		('Newfoundland_and_Labrador_sub','Newfoundland_and_Labrador','755','4','410'),
		('Northwest_Territories_sub','Northwest_Territories','43',NULL,'37'),
		('Nova_Scotia_sub','Nova_Scotia','1600','65','1521'),
		('Nunavut_sub','Nunavut','324','2','301'),
		('Ontario_sub','Ontario','293466','6736','275993'),
		('Prince_Edward_Island_sub','Prince_Edward_Island','114',NULL,'112'),
		('Quebec_sub','Quebec','278987','6736','261429'),
		('Saskatchewan_sub','Saskatchewan','26953','362','25050'),
		('Yukon_sub','Yukon','72','1','69'),
		('Hubei','China_Mainland','68151','4512','68638'),
		('Guangdong_Province','China_Mainland','2180','8','2112'),
		('Heilongjiang','China_Mainland','1610','8','1555'),
		('Zhejiang','China_Mainland','1320','1','1306'),
		('Hebei','China_Mainland','1317','7','1161'),
		('Henan','China_Mainland','1304','22','1281'),
		('Hunan','China_Mainland','1033','4','1023'),
		('Anhui','China_Mainland','994','6','988'),
		('Xinjiang','China_Mainland','980','3','977'),
		('Jiangxi','China_Mainland','935','1','934'),
		('Shandong','China_Mainland','867','7','860'),
		('Jiangsu','China_Mainland','703',NULL,'689'),
		('Jilin','China_Mainland','573','3','505'),
		('Fujian','China_Mainland','548','1','540'),
		('Shaanxi','China_Mainland','547','3','534'),
		('Liaoning','China_Mainland','404','2','401'),
		('Inner_Mongolia','China_Mainland','367','1','365'),
		('Guangxi','China_Mainland','267','2','265'),
		('Shanxi','China_Mainland','239',NULL,'236'),
		('Yunnan','China_Mainland','231','2','228'),
		('Maharashtra','India_Mainland','2080000','51631','1990000'),
		('Kerala','India_Mainland','1020000','4032','952000'),
		('Karnataka','India_Mainland','946000','12276','928000'),
		('Andhra_Pradesh','India_Mainland','889000','7165','881000'),
		('Tamil_Nadu','India_Mainland','846000','12438','830000'),
		('Delhi','India_Mainland','637000','10894','625000'),
		('Uttar_Pradesh','India_Mainland','602000','8707','591000'),
		('West_Bengal','India_Mainland','573000','10237','559000'),
		('Odisha','India_Mainland','336000','1912','334000'),
		('Rajasthan','India_Mainland','319000','2782','315000'),
		('Chhattisgarh','India_Mainland','310000','3788','303000'),
		('Telangana','India_Mainland','297000','1622','294000'),
		('Haryana','India_Mainland','269000','3041','265000'),
		('Gujarat','India_Mainland','266000','4403','260000'),
		('Bihar','India_Mainland','262000','1529','260000'),
		('Madhya_Pradesh','India_Mainland','258000','3842','253000'),
		('Assam','India_Mainland','217000','1090','215000'),
		('Punjab','India_Mainland','177000','5722','169000'),
		('Jammu_and_Kashmir','India_Mainland','126000','1951','123000'),
		('Jharkhand','India_Mainland','119000','1084','118000'),
		('Uttarakhand','India_Mainland','96964','1683','94733'),
		('Himachal_Pradesh','India_Mainland','58296','994','56948'),
		('Goa','India_Mainland','54369','786','53074'),
		('Puducherry','India_Mainland','39506','660','38644'),
		('Tripura','India_Mainland','33357','391','32961'),
		('Manipur','India_Mainland','29223','373','28759'),
		('Chandigarh','India_Mainland','21322','348','20832'),
		('Arunachal_Pradesh','India_Mainland','16833','56','16774'),
		('Meghalaya','India_Mainland','13945','148','13719'),
		('Nagaland','India_Mainland','12190','90','12064'),
		('Ladakh','India_Mainland','9782','130','9604'),
		('Sikkim','India_Mainland','6121','135','5932'),
		('Andaman_and_Nicobar_Islands','India_Mainland','5014','62','4944'),
		('Mizoram','India_Mainland','4399','10','4369'),
		('Dadra_and_Nagar_Haveli_and_Daman_and_Diu','India_Mainland','3402','2','3396'),
		('Lakshadweep','India_Mainland','261',NULL,'164'),
		('Tokyo','Japan_Mainland','108000','1207','103000'),
		('Osaka','Japan_Mainland','46337','1082','43124'),
		('Kanagawa','Japan_Mainland','43778','634','41657'),
		('Saitama','Japan_Mainland','28351','498','25447'),
		('Aichi','Japan_Mainland','25467','495','23703'),
		('Chiba','Japan_Mainland','25155','383','22523'),
		('Hokkaido','Japan_Mainland','18667','647','17200'),
		('Hyogo','Japan_Mainland','17766','501','16429'),
		('Fukuoka','Japan_Mainland','17667','251','16133'),
		('Kyoto','Japan_Mainland','8975','147','8331'),
		('Okinawa','Japan_Mainland','8072','105','7598'),
		('Ibaraki','Japan_Mainland','5480','101','4995'),
		('Hiroshima','Japan_Mainland','4993','97','4753'),
		('Shizuoka','Japan_Mainland','4927','91','4632'),
		('Gifu','Japan_Mainland','4540','94','4289'),
		('Gunma','Japan_Mainland','4338','83','4005'),
		('Tochigi','Japan_Mainland','4006','61','3747'),
		('Miyagi','Japan_Mainland','3569','23','3416'),
		('Kumamoto','Japan_Mainland','3431','72','3252'),
		('Nara','Japan_Mainland','3249','46','3117'),
		('Okayama','Japan_Mainland','2460','30','2300'),
		('Mie','Japan_Mainland','2439','49','2214'),
		('Shiga','Japan_Mainland','2353','40','2156'),
		('Nagano','Japan_Mainland','2349','40','2305'),
		('Miyazaki','Japan_Mainland','1936','20','1848'),
		('Fukushima','Japan_Mainland','1867','67','1674'),
		('Ishikawa','Japan_Mainland','1745','61','1498'),
		('Kagoshima','Japan_Mainland','1742','26','1646'),
		('Nagasaki','Japan_Mainland','1590','36','1469'),
		('Yamaguchi','Japan_Mainland','1366','35','1215'),
		('Oita','Japan_Mainland','1276','20','1184'),
		('Wakayama','Japan_Mainland','1156','17','1071'),
		('Ehime','Japan_Mainland','1032','22','975'),
		('Niigata','Japan_Mainland','1025','13','928'),
		('Saga','Japan_Mainland','1006','8','982'),
		('Yamanashi','Japan_Mainland','935','17','897'),
		('Toyama','Japan_Mainland','900','27','846'),
		('Kochi','Japan_Mainland','884','17','846'),
		('Aomori','Japan_Mainland','812','18','725'),
		('Kagawa','Japan_Mainland','727','18','669'),
		('Iwate','Japan_Mainland','543','29','484'),
		('Fukui','Japan_Mainland','542','25','489'),
		('Yamagata','Japan_Mainland','537','15','500'),
		('Tokushima','Japan_Mainland','444','16','373'),
		('Shimane','Japan_Mainland','287',NULL,'274'),
		('Akita','Japan_Mainland','269','6','250'),
		('Tottori','Japan_Mainland','208',NULL,'199'),
		('Mexico_City','Mexico_Mainland','534000','25834',NULL),
		('State_of_Mexico','Mexico_Mainland','210000','27512',NULL),
		('Guanajuato','Mexico_Mainland','116000','8598',NULL),
		('Nuevo_Leon','Mexico_Mainland','113000','7855',NULL),
		('Jalisco','Mexico_Mainland','75521','10014',NULL),
		('Puebla','Mexico_Mainland','67765','8293',NULL),
		('Sonora','Mexico_Mainland','66650','5838',NULL),
		('Coahuila','Mexico_Mainland','63635','5573',NULL),
		('Tabasco','Mexico_Mainland','56086','3664',NULL),
		('San_Luis_Potosi','Mexico_Mainland','55495','4320',NULL),
		('Querétaro','Mexico_Mainland','53956','3238',NULL),
		('Veracruz','Mexico_Mainland','53892','7870',NULL),
		('Tamaulipas','Mexico_Mainland','50806','4250',NULL),
		('Baja_California','Mexico_Mainland','44084','7233',NULL),
		('Michoacán','Mexico_Mainland','42374','4282',NULL),
		('Chihuahua','Mexico_Mainland','42224','5082',NULL),
		('Oaxaca','Mexico_Mainland','39020','2776',NULL),
		('Guerrero','Mexico_Mainland','34398','3444',NULL),
		('Hidalgo','Mexico_Mainland','33729','5276',NULL),
		('Sinaloa','Mexico_Mainland','33176','5063',NULL),
		('Yucatan','Mexico_Mainland','31846','2981',NULL),
		('State_of_São_Paulo','Brazil_Mainland','1950000','57240','1720000'),
		('State_of_Minas_Gerais','Brazil_Mainland','822000','17249','751000'),
		('State_of_Bahia','Brazil_Mainland','643000','10995','616000'),
		('State_of_Santa_Catarina','Brazil_Mainland','627000','6844','594000'),
		('State_of_Paraná','Brazil_Mainland','605000','10992','441000'),
		('State_of_Rio_Grande_do_Sul','Brazil_Mainland','594000','11609','567000'),
		('State_of_Rio_de_Janeiro','Brazil_Mainland','567000','31882','530000'),
		('State_of_Ceará','Brazil_Mainland','409000','10868','308000'),
		('State_of_Goiás','Brazil_Mainland','377000','8163','362000'),
		('State_of_Pará','Brazil_Mainland','351000','8087','330000'),
		('State_of_Espírito_Santo','Brazil_Mainland','314000','6234','295000'),
		('State_of_Amazonas','Brazil_Mainland','302000','10286','255000'),
		('Federal_District','Brazil_Mainland','287000','4728','277000'),
		('State_of_Pernambuco','Brazil_Mainland','287000','10780','247000'),
		('State_of_Mato_Grosso','Brazil_Mainland','237000','5484','223000'),
		('State_of_Maranhão','Brazil_Mainland','214000','4895','200000'),
		('State_of_Paraíba','Brazil_Mainland','209000','4306','156000'),
		('State_of_Mato_Grosso_do_Sul','Brazil_Mainland','173000','3178','162000'),
		('State_of_Piauí','Brazil_Mainland','168000','3222','164000'),
		('State_of_Rio_Grande_do_Norte','Brazil_Mainland','158000','3437','108000'),
		('State_of_Sergipe','Brazil_Mainland','147000','2896','136000'),
		('State_of_Rondônia','Brazil_Mainland','140000','2623','118000'),
		('State_of_Alagoas','Brazil_Mainland','127000','2903','121000'),
		('State_of_Tocantins','Brazil_Mainland','108000','1464','98580'),
		('State_of_Amapá','Brazil_Mainland','81470','1120','59450'),
		('State_of_Roraima','Brazil_Mainland','78394','1024','74276'),
		('State_of_Acre','Brazil_Mainland','53892','940',NULL),
		('Iran_Sub','Iran_Mainland','1550000','59264','1320000'),
		('Singapore_Sub','Singapore_Mainland','59832','29','59679'),
		('Lombardy','Italy_Mainland','570000','27938','492000'),
		('Veneto','Italy_Mainland','324000','9651','292000'),
		('Campania','Italy_Mainland','248000','4082','175000'),
		('Emilia_Romagna','Italy_Mainland','241000','10240','195000'),
		('Piedmont','Italy_Mainland','236000','9220','215000'),
		('Lazio','Italy_Mainland','223000','5634','182000'),
		('Sicily','Italy_Mainland','148000','3941','111000'),
		('Tuscany','Italy_Mainland','146000','4497','129000'),
		('Apulia','Italy_Mainland','138000','3709','98484'),
		('Liguria','Italy_Mainland','74873','3544','66519'),
		('Friuli_Venezia_Giulia','Italy_Mainland','73043','2733','60900'),
		('Marche','Italy_Mainland','62216','2152','51708'),
		('South_Tyrol','Italy_Mainland','49849','612','14698'),
		('Abruzzo','Italy_Mainland','49710','1599','35803'),
		('Umbria','Italy_Mainland','42058','948','32692'),
		('Sardinia','Italy_Mainland','40538','1096','25940'),
		('Calabria','Italy_Mainland','36021','659','28897'),
		('Trentino','Italy_Mainland','30863','1187','14626'),
		('Basilicata','Italy_Mainland','14556','359','10723'),
		('Molise','Italy_Mainland','9800','322','7858'),
		('Aosta','Italy_Mainland','7947','41','7398'),
		('North_Rhine_Westphalia','Germany_Mainland','517000','12520','477000'),
		('Bavaria','Germany_Mainland','426000','12044','395000'),
		('Baden_Württemberg','Germany_Mainland','309000','7895','288000'),
		('Saxony','Germany_Mainland','190000','7351','175000'),
		('Hessen','Germany_Mainland','183000','5633','168000'),
		('Lower_Saxony','Germany_Mainland','157000','4009','143000'),
		('Berlin','Germany_Mainland','126000','2703','118000'),
		('Rhineland_Palatinate','Germany_Mainland','99219','2962','91001'),
		('Brandenburg','Germany_Mainland','74358','2893','66775'),
		('Thuringia','Germany_Mainland','72648','2702','65353'),
		('Saxony_Anhalt','Germany_Mainland','57939','2279','52033'),
		('Hamburg','Germany_Mainland','49761','1210','44743'),
		('Schleswig_Holstein','Germany_Mainland','40537','1197','35554'),
		('Saarland','Germany_Mainland','27947','846','25826'),
		('Mecklenburg_Vorpommern','Germany_Mainland','23021','680','20087'),
		('Bremen','Germany_Mainland','17249','321','16236'),
		('France_Sub','France_Mainland','3540000','83393',NULL),
		('Community_of_Madrid','Spain_Mainland','571000','13461','40736'),
		('Catalonia','Spain_Mainland','558000','10089','26203'),
		('Andalusia','Spain_Mainland','466000','7878','10671'),
		('Valencian_Community','Spain_Mainland','372000','6214','9970'),
		('Castile_and_León','Spain_Mainland','203000','6203','8716'),
		('Castile_La_Mancha','Spain_Mainland','166000','5476','6392'),
		('Basque_Country','Spain_Mainland','147000','3651','16160'),
		('Galicia','Spain_Mainland','109000','2129','9204'),
		('Region_of_Murcia','Spain_Mainland','105000','1379','2180'),
		('Aragon','Spain_Mainland','105000','3194','3772'),
		('Extremadura','Spain_Mainland','68609','1675','2652'),
		('Balearic_Islands','Spain_Mainland','55467','677','1533'),
		('Navarre','Spain_Mainland','50727','1083','3905'),
		('Asturias','Spain_Mainland','41983','1681','1063'),
		('Canary_Islands','Spain_Mainland','39081','571','1537'),
		('La_Rioja','Spain_Mainland','27294','712','3107'),
		('Cantabria','Spain_Mainland','24109','490','2287'),
		('Melilla','Spain_Mainland','6732','64','125'),
		('Ceuta','Spain_Mainland','4467','77','163'),
		('Greece_Sub','Greece_Mainland','176000','6221','93764'),
		('Russia_Sub','Russia_Mainland','4080000','80587','3630000')
		('Algeria_sub', 'Algeria_Mainland', '112000', '2954', '76797'); 

INSERT into age_demographic(age_0_14, age_15_30, age_30_50, age_50_up, country_name)
VALUES ('11.4','22.4','31.3','34.9','USA'),
	('16.5','18.7','30.5','34.2','Canada'),
	('2.1','8.1','36.2','53.6','China'),
	('0.5','2.5','46.5','50.5','India'),
	('8','26','31','35','Japan'),
	(NULL,NULL,NULL,NULL,'Mexico'),
	(NULL,NULL,NULL,NULL,'Brazil'),
	(NULL,NULL,NULL,NULL,'Iran'),
	(NULL,NULL,NULL,NULL,'Singapore'),
	('12.8','11.9','28.2','47.1','Italy'),
	('2','5','10','83','Germany'),
	('0','1','7','92','France'),
	('0.03','0.12','1.38','98.47','Spain'),
	(NULL,NULL,NULL,NULL,'Greece'),
	(NULL,NULL,NULL,NULL,'Russia'),
	(NULL,NULL,NULL,NULL,'Vietnam'),
	(NULL,NULL,NULL,NULL,'Turkey'),
	(NULL,NULL,NULL,NULL,'Malaysia'),
	(NULL,NULL,NULL,NULL,'Egypt'),
	(NULL,NULL,NULL,NULL,'Thailand'),
	(NULL,NULL,NULL,NULL,'Cambodia'),
	(NULL,NULL,NULL,NULL,'United Kingdom'),
	('10.28','15.39','27.1','47.23','South Korea'),
	('0','0.1','0.9','99','Poland'),
	('12','18','36','35','Sweden'),
	(NULL,NULL,NULL,NULL,'Portugal'),
	('1','9','29','61','Phillipines'),
	(NULL,NULL,NULL,NULL,'Ireland'),
	(NULL,NULL,NULL,NULL,'Indonesia'),
	(NULL,NULL,NULL,NULL,'Algeria');

INSERT INTO sub_regions(sub_region_name, region_name, cases, deaths, recoveries)
VALUES
('NY_sub','NY','92381','2373','289')
('NJ_sub','NJ','25590','537','9592')
('MI_sub','MI','10791','417','5357')
('CA_sub','CA','9191','203','0')
('LA_sub','LA','9150','310','15505')
('MA_sub','MA','8966','154','49105')
('FL_sub','FL','8010','128','5892')
('IL_sub','IL','7695','157','7523')
('PA_sub','PA','7016','90','995')
('WA_sub','WA','5984','247','1367')
('GA_sub','GA','5348','163','30434')
('TX_sub','TX','4669','70','16744')
('CT_sub','CT','3824','112','130')
('CO_sub','CO','3342','80','431')
('IN_sub','IN','3039','78','5336')
('OH_sub','OH','2902','81','1826')
('TN_sub','TN','2845','32','22466')
('MD_sub','MD','2331','36','12372')
('NC_sub','NC','1857','16','4614')
('MO_sub','MO','1834','19','4447')
('WI_sub','WI','1730','31','9466')
('VA_sub','VA','1706','41','15826')
('AZ_sub','AZ','1598','32','7715')
('SC_sub','SC','1554','31','658')
('NV_sub','NV','1458','38','16342')
('AL_sub','AL','1233','32','6432')
('MS_sub','MS','1177','26','7715')
('UT_sub','UT','1074','7','2')
('OK_sub','OK','879','34','6553')
('MN_sub','MN','742','18','1342')
('OR_sub','OR','736','19','10926')


INSERT INTO regions(region_name, country_name, vaccine_distributed, vaccine_administrated)
VALUES('NY','USA','454450','453034'),
('NJ','USA','163150','156751'),
('MI','USA','441500','403532'),
('CA','USA','208225','190070'),
('LA','USA','618325','551742'),
('MA','USA','1714800','1503786'),
('FL','USA','197050','171175'),
('IL','USA','1790200','1542174'),
('PA','USA','1396475','1202770'),
('WA','USA','816650','700440'),
('GA','USA','928425','795511'),
('TX','USA','189050','159845'),
('CT','USA','211250','178226'),
('CO','USA','1500325','1255764'),
('IN','USA','1243125','1040145'),
('OH','USA','922075','747183'),
('TN','USA','127075','105426'),
('MD','USA','939350','778113'),
('NC','USA','336650','290832'),
('MO','USA','5258675','396997'),
('WI','USA','1282300','124176'),
('VA','USA','4700950','369284'),
('AZ','USA','4022525','376355'),
('SC','USA','878600','434970'),
('NV','USA','1144775','136269'),
('AL','USA','1200250','479036'),
('MS','USA','1526150','474997'),
('UT','USA','2174800','126843'),
('OK','USA','593275','290632'),
('MN','USA','648600','98779'),
('OR','USA','151350','42637'),
('KY','USA','1452900','99277'),
('ID','USA','2402050','198949'),
('RI','USA','320950','23413'),
('DC','USA','950600','766405'),
('AR','USA','321850','182789'),
('IA','USA','2706400','2290972'),
('KS','USA','8722400','1578785'),
('NH','USA','2706400','1953767'),
('DE','USA','8722400','419354'),
('ME','USA','1249925','112711'),
('NM','USA','664225','413497'),	
('VT','USA','271500','19084'),
('PR','USA','2731050','123145'),
('HI','USA','2145525','104149'),
('NE','USA','1410500','111304'),
('MT','USA','581975','465137'),
('WV','USA','427000','258101'),
('SD','USA','616050','366735'),
('ND','USA','321625','264115'),
('WY','USA','234500','217566'),
('AK','USA','1032175','134493'),
('GU','USA','123794','13567'),
('VI','USA','237804','112240'),
('MP','USA','27703','12616'),
('AS','USA','228590','153795');

INSERT INTO sub_regions(sub_region_name, region_name, cases, deaths, recoveries)
VALUES('NY_sub','NY','92381','2373','289'),
('NJ_sub','NJ','25590','537','9592'),
('MI_sub','MI','10791','417','5357'),
('CA_sub','CA','9191','203',NULL),
('LA_sub','LA','9150','310','15505'),
('MA_sub','MA','8966','154','49105'),
('FL_sub','FL','8010','128','5892'),
('IL_sub','IL','7695','157','7523'),
('PA_sub','PA','7016','90','995'),
('WA_sub','WA','5984','247','1367'),
('GA_sub','GA','5348','163','30434'),
('TX_sub','TX','4669','70','16744'),
('CT_sub','CT','3824','112','130'),
('CO_sub','CO','3342','80','431'),
('IN_sub','IN','3039','78','5336'),
('OH_sub','OH','2902','81','1826'),
('TN_sub','TN','2845','32','22466'),
('MD_sub','MD','2331','36','12372'),
('NC_sub','NC','1857','16','4614'),
('MO_sub','MO','1834','19','4447'),
('WI_sub','WI','1730','31','9466'),
('VA_sub','VA','1706','41','15826'),
('AZ_sub','AZ','1598','32','7715'),
('SC_sub','SC','1554','31','658'),
('NV_sub','NV','1458','38','16342'),
('AL_sub','AL','1233','32','6432'),
('MS_sub','MS','1177','26','7715'),
('UT_sub','UT','1074','7','2'),
('OK_sub','OK','879','34','6553'),
('MN_sub','MN','742','18','1342'),
('OR_sub','OR','736','19','10926'),
('KY_sub','KY','680','20','1465'),
('ID_sub','ID','669','9','2047'),
('RI_sub','RI','657','12','1154'),
('DC_sub','DC','653','12','22858'),
('AR_sub','AR','643','12','3624'),
('IA_sub','IA','614','11','4872'),
('KS_sub','KS','552','13','37851'),
('NH_sub','NH','415','4','16816'),
('DE_sub','DE','393','12','4181'),
('ME_sub','ME','376','7','2154'),
('NM_sub','NM','363','6','23597'),
('VT_sub','VT','338','17','1979'),
('PR_sub','PR','316','12','2376'),
('HI_sub','HI','258','1','8324'),
('NE_sub','NE','246','5','1863'),
('MT_sub','MT','227','5','11133'),
('WV_sub','WV','217','2','41343'),
('SD_sub','SD','165','2','1852'),
('ND_sub','ND','159','3','7331'),
('WY_sub','WY','150','0','25'),
('AK_sub','AK','143','3','197'),
('GU_sub','GU','82','3','445'),
('VI_sub','VI','33',null,'890'),
('MP_sub','MP','8','1','665'),
('AS_sub','AS','0','0','432');
